Year,Month,Monthly_MSL,Linear_Trend,High_Conf.,Low_Conf.
1911,1,7.133,7.167,7.181,7.153
1911,2,7.346,7.167,7.181,7.153
1911,3,7.143,7.167,7.181,7.153
1911,4,7.216,7.167,7.181,7.152
1911,5,7.203,7.167,7.181,7.152
1911,6,7.146,7.166,7.181,7.152
1911,7,7.142,7.166,7.18,7.152
1911,8,7.148,7.166,7.18,7.152
1911,9,7.223,7.166,7.18,7.152
1911,10,7.089,7.166,7.18,7.152
1911,11,7.248,7.166,7.18,7.152
1911,12,7.173,7.166,7.18,7.151
1912,1,7.106,7.165,7.179,7.151
1912,2,7.233,7.165,7.179,7.151
1912,3,7.288,7.165,7.179,7.151
1912,4,7.174,7.165,7.179,7.151
1912,5,7.275,7.165,7.179,7.151
1912,6,7.252,7.165,7.179,7.151
1912,7,7.166,7.165,7.178,7.151
1912,8,7.241,7.164,7.178,7.15
1912,9,7.14,7.164,7.178,7.15
1912,10,7.149,7.164,7.178,7.15
1912,11,7.2,7.164,7.178,7.15
1912,12,7.392,7.164,7.178,7.15
1913,1,7.114,7.164,7.177,7.15
1913,2,7.288,7.163,7.177,7.15
1913,3,7.399,7.163,7.177,7.15
1913,4,7.208,7.163,7.177,7.149
1913,5,7.219,7.163,7.177,7.149
1913,6,7.241,7.163,7.177,7.149
1913,7,7.166,7.163,7.177,7.149
1913,8,7.147,7.163,7.176,7.149
1913,9,7.084,7.162,7.176,7.149
1913,10,7.164,7.162,7.176,7.149
1913,11,7.427,7.162,7.176,7.148
1913,12,7.295,7.162,7.176,7.148
1914,1,7.216,7.162,7.176,7.148
1914,2,7.364,7.162,7.175,7.148
1914,3,7.273,7.162,7.175,7.148
1914,4,7.271,7.161,7.175,7.148
1914,5,7.239,7.161,7.175,7.148
1914,6,7.146,7.161,7.175,7.148
1914,7,7.162,7.161,7.175,7.147
1914,8,7.155,7.161,7.174,7.147
1914,9,7.206,7.161,7.174,7.147
1914,10,7.034,7.161,7.174,7.147
1914,11,7.17,7.16,7.174,7.147
1914,12,7.286,7.16,7.174,7.147
1915,1,7.127,7.16,7.174,7.147
1915,2,7.138,7.16,7.173,7.147
1915,3,7.165,7.16,7.173,7.146
1915,4,7.205,7.16,7.173,7.146
1915,5,7.149,7.16,7.173,7.146
1915,6,7.108,7.159,7.173,7.146
1915,7,7.216,7.159,7.173,7.146
1915,8,7.199,7.159,7.172,7.146
1915,9,7.08,7.159,7.172,7.146
1915,10,6.934,7.159,7.172,7.145
1915,11,7.081,7.159,7.172,7.145
1915,12,7.039,7.158,7.172,7.145
1916,1,7.409,7.158,7.172,7.145
1916,2,7.208,7.158,7.171,7.145
1916,3,7.105,7.158,7.171,7.145
1916,4,7.181,7.158,7.171,7.145
1916,5,7.183,7.158,7.171,7.145
1916,6,7.17,7.158,7.171,7.144
1916,7,7.169,7.157,7.171,7.144
1916,8,7.157,7.157,7.17,7.144
1916,9,7.12,7.157,7.17,7.144
1916,10,7.196,7.157,7.17,7.144
1916,11,7.218,7.157,7.17,7.144
1916,12,7.148,7.157,7.17,7.144
1917,1,6.952,7.157,7.17,7.143
1917,2,7.128,7.156,7.17,7.143
1917,3,7.065,7.156,7.169,7.143
1917,4,7.148,7.156,7.169,7.143
1917,5,7.079,7.156,7.169,7.143
1917,6,7.121,7.156,7.169,7.143
1917,7,7.102,7.156,7.169,7.143
1917,8,7.168,7.156,7.169,7.143
1917,9,7.266,7.155,7.168,7.142
1917,10,7.263,7.155,7.168,7.142
1917,11,7.259,7.155,7.168,7.142
1917,12,7.108,7.155,7.168,7.142
1918,1,7.191,7.155,7.168,7.142
1918,2,7.242,7.155,7.168,7.142
1918,3,7.065,7.155,7.167,7.142
1918,4,7.047,7.154,7.167,7.142
1918,5,7.074,7.154,7.167,7.141
1918,6,7.158,7.154,7.167,7.141
1918,7,7.152,7.154,7.167,7.141
1918,8,7.164,7.154,7.167,7.141
1918,9,7.276,7.154,7.166,7.141
1918,10,7.159,7.154,7.166,7.141
1918,11,7.115,7.153,7.166,7.141
1918,12,7.154,7.153,7.166,7.14
1919,1,7.027,7.153,7.166,7.14
1919,2,7.091,7.153,7.166,7.14
1919,3,7.145,7.153,7.165,7.14
1919,4,7.168,7.153,7.165,7.14
1919,5,7.076,7.152,7.165,7.14
1919,6,7.161,7.152,7.165,7.14
1919,7,7.162,7.152,7.165,7.14
1919,8,7.25,7.152,7.165,7.139
1919,9,7.248,7.152,7.164,7.139
1919,10,7.067,7.152,7.164,7.139
1919,11,7.036,7.152,7.164,7.139
1919,12,7.076,7.151,7.164,7.139
1920,1,7.255,7.151,7.164,7.139
1920,2,7.281,7.151,7.164,7.139
1920,3,7.246,7.151,7.164,7.139
1920,4,7.239,7.151,7.163,7.138
1920,5,7.248,7.151,7.163,7.138
1920,6,7.158,7.151,7.163,7.138
1920,7,7.215,7.15,7.163,7.138
1920,8,7.151,7.15,7.163,7.138
1920,9,7.12,7.15,7.163,7.138
1920,10,6.981,7.15,7.162,7.138
1920,11,7.129,7.15,7.162,7.137
1920,12,7.028,7.15,7.162,7.137
1921,1,7.351,7.15,7.162,7.137
1921,2,7.09,7.149,7.162,7.137
1921,3,7.306,7.149,7.162,7.137
1921,4,7.134,7.149,7.161,7.137
1921,5,7.208,7.149,7.161,7.137
1921,6,7.142,7.149,7.161,7.137
1921,7,7.163,7.149,7.161,7.136
1921,8,7.183,7.149,7.161,7.136
1921,9,7.14,7.148,7.161,7.136
1921,10,7.167,7.148,7.16,7.136
1921,11,7.013,7.148,7.16,7.136
1921,12,7.314,7.148,7.16,7.136
1922,1,7.028,7.148,7.16,7.136
1922,2,7.162,7.148,7.16,7.136
1922,3,7.196,7.147,7.16,7.135
1922,4,7.123,7.147,7.159,7.135
1922,5,7.229,7.147,7.159,7.135
1922,6,7.186,7.147,7.159,7.135
1922,7,7.198,7.147,7.159,7.135
1922,8,7.189,7.147,7.159,7.135
1922,9,7.091,7.147,7.159,7.135
1922,10,7.017,7.146,7.158,7.134
1922,11,7.172,7.146,7.158,7.134
1922,12,7.194,7.146,7.158,7.134
1923,1,7.24,7.146,7.158,7.134
1923,2,7.07,7.146,7.158,7.134
1923,3,7.035,7.146,7.158,7.134
1923,4,7.082,7.146,7.158,7.134
1923,5,7.232,7.145,7.157,7.134
1923,6,7.21,7.145,7.157,7.133
1923,7,7.196,7.145,7.157,7.133
1923,8,7.221,7.145,7.157,7.133
1923,9,7.224,7.145,7.157,7.133
1923,10,7.35,7.145,7.157,7.133
1923,11,7.203,7.145,7.156,7.133
1923,12,7.098,7.144,7.156,7.133
1924,1,7.075,7.144,7.156,7.132
1924,2,7.136,7.144,7.156,7.132
1924,3,7.119,7.144,7.156,7.132
1924,4,7.131,7.144,7.156,7.132
1924,5,7.185,7.144,7.155,7.132
1924,6,7.174,7.144,7.155,7.132
1924,7,7.213,7.143,7.155,7.132
1924,8,7.188,7.143,7.155,7.132
1924,9,7.269,7.143,7.155,7.131
1924,10,7.158,7.143,7.155,7.131
1924,11,7.1,7.143,7.154,7.131
1924,12,7.229,7.143,7.154,7.131
1925,1,7.317,7.143,7.154,7.131
1925,2,7.267,7.142,7.154,7.131
1925,3,7.1,7.142,7.154,7.131
1925,4,7.164,7.142,7.154,7.131
1925,5,7.167,7.142,7.153,7.13
1925,6,7.155,7.142,7.153,7.13
1925,7,7.113,7.142,7.153,7.13
1925,8,7.173,7.141,7.153,7.13
1925,9,7.2,7.141,7.153,7.13
1925,10,7.164,7.141,7.153,7.13
1925,11,7.075,7.141,7.152,7.13
1925,12,7.21,7.141,7.152,7.129
1926,1,7.113,7.141,7.152,7.129
1926,2,7.122,7.141,7.152,7.129
1926,3,7.251,7.14,7.152,7.129
1926,4,7.165,7.14,7.152,7.129
1926,5,7.187,7.14,7.152,7.129
1926,6,7.179,7.14,7.151,7.129
1926,7,7.145,7.14,7.151,7.129
1926,8,7.21,7.14,7.151,7.128
1926,9,7.181,7.14,7.151,7.128
1926,10,7.16,7.139,7.151,7.128
1926,11,7.2,7.139,7.151,7.128
1926,12,7.118,7.139,7.15,7.128
1927,1,7.222,7.139,7.15,7.128
1927,2,7.142,7.139,7.15,7.128
1927,3,7.184,7.139,7.15,7.127
1927,4,7.28,7.139,7.15,7.127
1927,5,7.148,7.138,7.15,7.127
1927,6,7.238,7.138,7.149,7.127
1927,7,7.166,7.138,7.149,7.127
1927,8,7.215,7.138,7.149,7.127
1927,9,7.214,7.138,7.149,7.127
1927,10,7.233,7.138,7.149,7.127
1927,11,7.103,7.138,7.149,7.126
1927,12,6.899,7.137,7.148,7.126
1928,1,7.213,7.137,7.148,7.126
1928,2,7.222,7.137,7.148,7.126
1928,3,7.053,7.137,7.148,7.126
1928,4,7.106,7.137,7.148,7.126
1928,5,7.065,7.137,7.148,7.126
1928,6,7.196,7.136,7.147,7.126
1928,7,7.261,7.136,7.147,7.125
1928,8,7.196,7.136,7.147,7.125
1928,9,7.133,7.136,7.147,7.125
1928,10,7.175,7.136,7.147,7.125
1928,11,7.182,7.136,7.147,7.125
1928,12,7.077,7.136,7.147,7.125
1929,1,6.901,7.135,7.146,7.125
1929,2,6.891,7.135,7.146,7.124
1929,3,7.121,7.135,7.146,7.124
1929,4,7.141,7.135,7.146,7.124
1929,5,7.128,7.135,7.146,7.124
1929,6,7.186,7.135,7.146,7.124
1929,7,7.175,7.135,7.145,7.124
1929,8,7.182,7.134,7.145,7.124
1929,9,7.156,7.134,7.145,7.124
1929,10,7.267,7.134,7.145,7.123
1929,11,7.221,7.134,7.145,7.123
1929,12,7.256,7.134,7.145,7.123
1930,1,7.289,7.134,7.144,7.123
1930,2,6.989,7.134,7.144,7.123
1930,3,7.172,7.133,7.144,7.123
1930,4,7.028,7.133,7.144,7.123
1930,5,7.136,7.133,7.144,7.122
1930,6,7.086,7.133,7.144,7.122
1930,7,7.135,7.133,7.143,7.122
1930,8,7.141,7.133,7.143,7.122
1930,9,7.013,7.133,7.143,7.122
1930,10,7.179,7.132,7.143,7.122
1930,11,7.252,7.132,7.143,7.122
1930,12,7.065,7.132,7.143,7.122
1931,1,7.126,7.132,7.142,7.121
1931,2,7.097,7.132,7.142,7.121
1931,3,7.016,7.132,7.142,7.121
1931,4,7.094,7.132,7.142,7.121
1931,5,7.133,7.131,7.142,7.121
1931,6,7.181,7.131,7.142,7.121
1931,7,7.224,7.131,7.142,7.121
1931,8,7.13,7.131,7.141,7.12
1931,9,7.04,7.131,7.141,7.12
1931,10,7.225,7.131,7.141,7.12
1931,11,7.11,7.13,7.141,7.12
1931,12,7.215,7.13,7.141,7.12
1932,1,7.302,7.13,7.141,7.12
1932,2,7.051,7.13,7.14,7.12
1932,3,7.105,7.13,7.14,7.12
1932,4,7.218,7.13,7.14,7.119
1932,5,7.123,7.13,7.14,7.119
1932,6,7.115,7.129,7.14,7.119
1932,7,7.168,7.129,7.14,7.119
1932,8,7.134,7.129,7.139,7.119
1932,9,7.244,7.129,7.139,7.119
1932,10,7.191,7.129,7.139,7.119
1932,11,7.159,7.129,7.139,7.118
1932,12,7.16,7.129,7.139,7.118
1933,1,7.093,7.128,7.139,7.118
1933,2,7.127,7.128,7.138,7.118
1933,3,7.115,7.128,7.138,7.118
1933,4,7.147,7.128,7.138,7.118
1933,5,7.115,7.128,7.138,7.118
1933,6,7.089,7.128,7.138,7.118
1933,7,7.143,7.128,7.138,7.117
1933,8,7.168,7.127,7.138,7.117
1933,9,7.02,7.127,7.137,7.117
1933,10,7.07,7.127,7.137,7.117
1933,11,6.914,7.127,7.137,7.117
1933,12,6.942,7.127,7.137,7.117
1934,1,7.196,7.127,7.137,7.117
1934,2,7.199,7.127,7.137,7.116
1934,3,7.125,7.126,7.136,7.116
1934,4,7.08,7.126,7.136,7.116
1934,5,7.187,7.126,7.136,7.116
1934,6,7.109,7.126,7.136,7.116
1934,7,7.096,7.126,7.136,7.116
1934,8,7.16,7.126,7.136,7.116
1934,9,7.136,7.125,7.135,7.116
1934,10,7.252,7.125,7.135,7.115
1934,11,7.084,7.125,7.135,7.115
1934,12,7.068,7.125,7.135,7.115
1935,1,7.077,7.125,7.135,7.115
1935,2,7.298,7.125,7.135,7.115
1935,3,7.067,7.125,7.134,7.115
1935,4,7.146,7.124,7.134,7.115
1935,5,7.052,7.124,7.134,7.114
1935,6,7.135,7.124,7.134,7.114
1935,7,7.181,7.124,7.134,7.114
1935,8,7.099,7.124,7.134,7.114
1935,9,7.222,7.124,7.134,7.114
1935,10,7.292,7.124,7.133,7.114
1935,11,7.114,7.123,7.133,7.114
1935,12,7.118,7.123,7.133,7.114
1936,1,7.202,7.123,7.133,7.113
1936,2,7.067,7.123,7.133,7.113
1936,3,7.014,7.123,7.133,7.113
1936,4,7.12,7.123,7.132,7.113
1936,5,7.019,7.123,7.132,7.113
1936,6,7.101,7.122,7.132,7.113
1936,7,7.18,7.122,7.132,7.113
1936,8,7.135,7.122,7.132,7.112
1936,9,6.987,7.122,7.132,7.112
1936,10,7.142,7.122,7.131,7.112
1936,11,7.103,7.122,7.131,7.112
1936,12,7.285,7.122,7.131,7.112
1937,1,6.999,7.121,7.131,7.112
1937,2,7.224,7.121,7.131,7.112
1937,3,7.031,7.121,7.131,7.112
1937,4,7.087,7.121,7.13,7.111
1937,5,7.116,7.121,7.13,7.111
1937,6,7.148,7.121,7.13,7.111
1937,7,7.117,7.121,7.13,7.111
1937,8,7.062,7.12,7.13,7.111
1937,9,7.164,7.12,7.13,7.111
1937,10,7.049,7.12,7.13,7.111
1937,11,7.07,7.12,7.129,7.11
1937,12,6.892,7.12,7.129,7.11
1938,1,7.24,7.12,7.129,7.11
1938,2,7.105,7.119,7.129,7.11
1938,3,7.359,7.119,7.129,7.11
1938,4,7.186,7.119,7.129,7.11
1938,5,7.172,7.119,7.128,7.11
1938,6,7.201,7.119,7.128,7.11
1938,7,7.125,7.119,7.128,7.109
1938,8,7.109,7.119,7.128,7.109
1938,9,7.072,7.118,7.128,7.109
1938,10,7.266,7.118,7.128,7.109
1938,11,7.296,7.118,7.127,7.109
1938,12,6.998,7.118,7.127,7.109
1939,1,7.074,7.118,7.127,7.109
1939,2,7.248,7.118,7.127,7.108
1939,3,7.017,7.118,7.127,7.108
1939,4,7.17,7.117,7.127,7.108
1939,5,7.058,7.117,7.127,7.108
1939,6,7.106,7.117,7.126,7.108
1939,7,7.153,7.117,7.126,7.108
1939,8,7.05,7.117,7.126,7.108
1939,9,6.981,7.117,7.126,7.108
1939,10,6.834,7.117,7.126,7.107
1939,11,7.106,7.116,7.126,7.107
1939,12,7.01,7.116,7.125,7.107
1940,1,6.919,7.116,7.125,7.107
1940,2,6.951,7.116,7.125,7.107
1940,3,7.101,7.116,7.125,7.107
1940,4,7.07,7.116,7.125,7.107
1940,5,7.056,7.116,7.125,7.106
1940,6,7.04,7.115,7.124,7.106
1940,7,7.111,7.115,7.124,7.106
1940,8,7.128,7.115,7.124,7.106
1940,9,7.214,7.115,7.124,7.106
1940,10,7.021,7.115,7.124,7.106
1940,11,7.23,7.115,7.124,7.106
1940,12,7.025,7.114,7.123,7.105
1941,1,6.887,7.114,7.123,7.105
1941,2,6.951,7.114,7.123,7.105
1941,3,7.02,7.114,7.123,7.105
1941,4,6.974,7.114,7.123,7.105
1941,5,7.032,7.114,7.123,7.105
1941,6,7.086,7.114,7.123,7.105
1941,7,7.067,7.113,7.122,7.105
1941,8,7.187,7.113,7.122,7.104
1941,9,6.987,7.113,7.122,7.104
1941,10,7.032,7.113,7.122,7.104
1941,11,6.878,7.113,7.122,7.104
1941,12,7.153,7.113,7.122,7.104
1942,1,6.866,7.113,7.121,7.104
1942,2,6.917,7.112,7.121,7.104
1942,3,6.984,7.112,7.121,7.103
1942,4,7.01,7.112,7.121,7.103
1942,5,7.11,7.112,7.121,7.103
1942,6,7.079,7.112,7.121,7.103
1942,7,7.112,7.112,7.12,7.103
1942,8,7.065,7.112,7.12,7.103
1942,9,7.143,7.111,7.12,7.103
1942,10,7.226,7.111,7.12,7.103
1942,11,7.103,7.111,7.12,7.102
1942,12,7.173,7.111,7.12,7.102
1943,1,7.074,7.111,7.12,7.102
1943,2,7.323,7.111,7.119,7.102
1943,3,7.16,7.111,7.119,7.102
1943,4,7.322,7.11,7.119,7.102
1943,5,7.163,7.11,7.119,7.102
1943,6,7.13,7.11,7.119,7.101
1943,7,7.148,7.11,7.119,7.101
1943,8,7.186,7.11,7.118,7.101
1943,9,7.143,7.11,7.118,7.101
1943,10,7.166,7.11,7.118,7.101
1943,11,7.106,7.109,7.118,7.101
1943,12,7.044,7.109,7.118,7.101
1944,1,7.267,7.109,7.118,7.1
1944,2,7.076,7.109,7.118,7.1
1944,3,7.13,7.109,7.117,7.1
1944,4,7.152,7.109,7.117,7.1
1944,5,7.121,7.108,7.117,7.1
1944,6,7.173,7.108,7.117,7.1
1944,7,7.122,7.108,7.117,7.1
1944,8,7.116,7.108,7.117,7.1
1944,9,7.151,7.108,7.116,7.099
1944,10,7.064,7.108,7.116,7.099
1944,11,7.079,7.108,7.116,7.099
1944,12,7.093,7.107,7.116,7.099
1945,1,7.023,7.107,7.116,7.099
1945,2,7.179,7.107,7.116,7.099
1945,3,7.199,7.107,7.115,7.099
1945,4,7.216,7.107,7.115,7.098
1945,5,7.214,7.107,7.115,7.098
1945,6,7.232,7.107,7.115,7.098
1945,7,7.14,7.106,7.115,7.098
1945,8,7.11,7.106,7.115,7.098
1945,9,7.087,7.106,7.115,7.098
1945,10,7.126,7.106,7.114,7.098
1945,11,7.023,7.106,7.114,7.097
1945,12,7.089,7.106,7.114,7.097
1946,1,7.131,7.106,7.114,7.097
1946,2,7.223,7.105,7.114,7.097
1946,3,7.087,7.105,7.114,7.097
1946,4,7.23,7.105,7.113,7.097
1946,5,7.123,7.105,7.113,7.097
1946,6,7.226,7.105,7.113,7.097
1946,7,7.139,7.105,7.113,7.096
1946,8,7.157,7.105,7.113,7.096
1946,9,7.223,7.104,7.113,7.096
1946,10,6.988,7.104,7.112,7.096
1946,11,7.087,7.104,7.112,7.096
1946,12,6.996,7.104,7.112,7.096
1947,1,6.9,7.104,7.112,7.096
1947,2,6.817,7.104,7.112,7.095
1947,3,7.03,7.103,7.112,7.095
1947,4,7.191,7.103,7.112,7.095
1947,5,6.982,7.103,7.111,7.095
1947,6,7.058,7.103,7.111,7.095
1947,7,7.069,7.103,7.111,7.095
1947,8,6.966,7.103,7.111,7.095
1947,9,7.1,7.103,7.111,7.094
1947,10,6.958,7.102,7.111,7.094
1947,11,7.082,7.102,7.11,7.094
1947,12,6.983,7.102,7.11,7.094
1948,1,7.072,7.102,7.11,7.094
1948,2,7.032,7.102,7.11,7.094
1948,3,7.126,7.102,7.11,7.094
1948,4,7.137,7.102,7.11,7.093
1948,5,7.067,7.101,7.11,7.093
1948,6,7.114,7.101,7.109,7.093
1948,7,7.082,7.101,7.109,7.093
1948,8,7.121,7.101,7.109,7.093
1948,9,7.166,7.101,7.109,7.093
1948,10,7.137,7.101,7.109,7.093
1948,11,7.066,7.101,7.109,7.093
1948,12,7.092,7.1,7.108,7.092
1949,1,7.195,7.1,7.108,7.092
1949,2,7.184,7.1,7.108,7.092
1949,3,6.966,7.1,7.108,7.092
1949,4,7.301,7.1,7.108,7.092
1949,5,7.091,7.1,7.108,7.092
1949,6,7.095,7.1,7.108,7.092
1949,7,7.068,7.099,7.107,7.091
1949,8,7.151,7.099,7.107,7.091
1949,9,7.064,7.099,7.107,7.091
1949,10,7.179,7.099,7.107,7.091
1949,11,7.08,7.099,7.107,7.091
1949,12,7.25,7.099,7.107,7.091
1950,1,7.018,7.099,7.106,7.091
1950,2,7.237,7.098,7.106,7.09
1950,3,7.147,7.098,7.106,7.09
1950,4,7.245,7.098,7.106,7.09
1950,5,7.108,7.098,7.106,7.09
1950,6,7.156,7.098,7.106,7.09
1950,7,7.112,7.098,7.105,7.09
1950,8,7.096,7.097,7.105,7.09
1950,9,7.229,7.097,7.105,7.089
1950,10,7.133,7.097,7.105,7.089
1950,11,7.071,7.097,7.105,7.089
1950,12,7.028,7.097,7.105,7.089
1951,1,7.048,7.097,7.105,7.089
1951,2,7.041,7.097,7.104,7.089
1951,3,7.032,7.096,7.104,7.089
1951,4,7.13,7.096,7.104,7.089
1951,5,7.021,7.096,7.104,7.088
1951,6,7.057,7.096,7.104,7.088
1951,7,7.091,7.096,7.104,7.088
1951,8,7.092,7.096,7.103,7.088
1951,9,7.068,7.096,7.103,7.088
1951,10,6.969,7.095,7.103,7.088
1951,11,7.098,7.095,7.103,7.088
1951,12,7.309,7.095,7.103,7.087
1952,1,7.152,7.095,7.103,7.087
1952,2,7.145,7.095,7.103,7.087
1952,3,7.025,7.095,7.102,7.087
1952,4,7.1,7.095,7.102,7.087
1952,5,7.093,7.094,7.102,7.087
1952,6,7.171,7.094,7.102,7.087
1952,7,7.081,7.094,7.102,7.086
1952,8,7.123,7.094,7.102,7.086
1952,9,7.113,7.094,7.101,7.086
1952,10,7.03,7.094,7.101,7.086
1952,11,6.996,7.094,7.101,7.086
1952,12,7.026,7.093,7.101,7.086
1953,1,7.074,7.093,7.101,7.086
1953,2,7.021,7.093,7.101,7.085
1953,3,7.09,7.093,7.101,7.085
1953,4,7.129,7.093,7.1,7.085
1953,5,7.121,7.093,7.1,7.085
1953,6,7.065,7.092,7.1,7.085
1953,7,7.147,7.092,7.1,7.085
1953,8,7.18,7.092,7.1,7.085
1953,9,7.123,7.092,7.1,7.084
1953,10,7.082,7.092,7.099,7.084
1953,11,7.181,7.092,7.099,7.084
1953,12,7.07,7.092,7.099,7.084
1954,1,6.964,7.091,7.099,7.084
1954,2,6.934,7.091,7.099,7.084
1954,3,7.032,7.091,7.099,7.084
1954,4,7.009,7.091,7.099,7.083
1954,5,6.985,7.091,7.098,7.083
1954,6,7.09,7.091,7.098,7.083
1954,7,7.122,7.091,7.098,7.083
1954,8,7.106,7.09,7.098,7.083
1954,9,7.19,7.09,7.098,7.083
1954,10,7.165,7.09,7.098,7.083
1954,11,7.046,7.09,7.097,7.082
1954,12,7.174,7.09,7.097,7.082
1955,1,7.095,7.09,7.097,7.082
1955,2,7.07,7.09,7.097,7.082
1955,3,7.032,7.089,7.097,7.082
1955,4,7.038,7.089,7.097,7.082
1955,5,7.194,7.089,7.097,7.082
1955,6,7.094,7.089,7.096,7.082
1955,7,7.045,7.089,7.096,7.081
1955,8,7.019,7.089,7.096,7.081
1955,9,7.111,7.089,7.096,7.081
1955,10,7.127,7.088,7.096,7.081
1955,11,7.062,7.088,7.096,7.081
1955,12,7.17,7.088,7.096,7.081
1956,1,7.076,7.088,7.095,7.081
1956,2,6.838,7.088,7.095,7.08
1956,3,7.016,7.088,7.095,7.08
1956,4,7.055,7.088,7.095,7.08
1956,5,7.143,7.087,7.095,7.08
1956,6,7.087,7.087,7.095,7.08
1956,7,7.087,7.087,7.094,7.08
1956,8,7.137,7.087,7.094,7.08
1956,9,7.041,7.087,7.094,7.079
1956,10,7.106,7.087,7.094,7.079
1956,11,7.04,7.086,7.094,7.079
1956,12,7.055,7.086,7.094,7.079
1957,1,7.134,7.086,7.094,7.079
1957,2,7.158,7.086,7.093,7.079
1957,3,7.064,7.086,7.093,7.079
1957,4,6.981,7.086,7.093,7.078
1957,5,7.015,7.086,7.093,7.078
1957,6,7.062,7.085,7.093,7.078
1957,7,7.059,7.085,7.093,7.078
1957,8,7.095,7.085,7.092,7.078
1957,9,7.155,7.085,7.092,7.078
1957,10,7.196,7.085,7.092,7.078
1957,11,7.051,7.085,7.092,7.077
1957,12,7.1,7.085,7.092,7.077
1958,1,7.035,7.084,7.092,7.077
1958,2,7.09,7.084,7.092,7.077
1958,3,6.982,7.084,7.091,7.077
1958,4,7.031,7.084,7.091,7.077
1958,5,7.108,7.084,7.091,7.077
1958,6,7.059,7.084,7.091,7.076
1958,7,7.105,7.084,7.091,7.076
1958,8,7.081,7.083,7.091,7.076
1958,9,7.012,7.083,7.091,7.076
1958,10,7.124,7.083,7.09,7.076
1958,11,6.984,7.083,7.09,7.076
1958,12,7.073,7.083,7.09,7.076
1959,1,7.093,7.083,7.09,7.075
1959,2,7.054,7.083,7.09,7.075
1959,3,7.073,7.082,7.09,7.075
1959,4,7.142,7.082,7.089,7.075
1959,5,7.038,7.082,7.089,7.075
1959,6,7.068,7.082,7.089,7.075
1959,7,7.073,7.082,7.089,7.075
1959,8,7.026,7.082,7.089,7.074
1959,9,6.978,7.081,7.089,7.074
1959,10,7.063,7.081,7.089,7.074
1959,11,6.944,7.081,7.088,7.074
1959,12,6.935,7.081,7.088,7.074
1960,1,6.892,7.081,7.088,7.074
1960,2,6.93,7.081,7.088,7.074
1960,3,6.851,7.081,7.088,7.073
1960,4,6.963,7.08,7.088,7.073
1960,5,7.043,7.08,7.088,7.073
1960,6,7.079,7.08,7.087,7.073
1960,7,7.069,7.08,7.087,7.073
1960,8,7.074,7.08,7.087,7.073
1960,9,7.027,7.08,7.087,7.073
1960,10,6.904,7.08,7.087,7.072
1960,11,7.082,7.079,7.087,7.072
1960,12,7.046,7.079,7.086,7.072
1961,1,7.032,7.079,7.086,7.072
1961,2,7.172,7.079,7.086,7.072
1961,3,7.28,7.079,7.086,7.072
1961,4,7.16,7.079,7.086,7.072
1961,5,7.172,7.079,7.086,7.071
1961,6,7.194,7.078,7.086,7.071
1961,7,7.175,7.078,7.085,7.071
1961,8,7.188,7.078,7.085,7.071
1961,9,7.142,7.078,7.085,7.071
1961,10,7.145,7.078,7.085,7.071
1961,11,7.106,7.078,7.085,7.071
1961,12,7.087,7.078,7.085,7.07
1962,1,7.211,7.077,7.085,7.07
1962,2,7.101,7.077,7.084,7.07
1962,3,7.064,7.077,7.084,7.07
1962,4,7.05,7.077,7.084,7.07
1962,5,7.087,7.077,7.084,7.07
1962,6,7.084,7.077,7.084,7.069
1962,7,7.098,7.076,7.084,7.069
1962,8,7.205,7.076,7.084,7.069
1962,9,7.117,7.076,7.083,7.069
1962,10,7.129,7.076,7.083,7.069
1962,11,6.969,7.076,7.083,7.069
1962,12,7.031,7.076,7.083,7.069
1963,1,6.84,7.076,7.083,7.068
1963,2,6.952,7.075,7.083,7.068
1963,3,6.986,7.075,7.082,7.068
1963,4,6.983,7.075,7.082,7.068
1963,5,7.034,7.075,7.082,7.068
1963,6,7.004,7.075,7.082,7.068
1963,7,7.016,7.075,7.082,7.068
1963,8,7.021,7.075,7.082,7.067
1963,9,7.057,7.074,7.082,7.067
1963,10,7.113,7.074,7.081,7.067
1963,11,7.131,7.074,7.081,7.067
1963,12,7.036,7.074,7.081,7.067
1964,1,7.031,7.074,7.081,7.067
1964,2,7.039,7.074,7.081,7.067
1964,3,6.904,7.074,7.081,7.066
1964,4,7.016,7.073,7.081,7.066
1964,5,7.083,7.073,7.08,7.066
1964,6,7.074,7.073,7.08,7.066
1964,7,7.081,7.073,7.08,7.066
1964,8,7.045,7.073,7.08,7.066
1964,9,7.076,7.073,7.08,7.066
1964,10,7.011,7.073,7.08,7.065
1964,11,7.126,7.072,7.08,7.065
1964,12,7.089,7.072,7.079,7.065
1965,1,7.074,7.072,7.079,7.065
1965,2,6.951,7.072,7.079,7.065
1965,3,7.039,7.072,7.079,7.065
1965,4,7.055,7.072,7.079,7.065
1965,5,7.036,7.072,7.079,7.064
1965,6,7.076,7.071,7.079,7.064
1965,7,7.087,7.071,7.078,7.064
1965,8,7.057,7.071,7.078,7.064
1965,9,7.066,7.071,7.078,7.064
1965,10,7.07,7.071,7.078,7.064
1965,11,7.008,7.071,7.078,7.063
1965,12,7.042,7.07,7.078,7.063
1966,1,6.871,7.07,7.077,7.063
1966,2,7.074,7.07,7.077,7.063
1966,3,7.15,7.07,7.077,7.063
1966,4,7.006,7.07,7.077,7.063
1966,5,7.09,7.07,7.077,7.063
1966,6,7.064,7.07,7.077,7.062
1966,7,7.119,7.069,7.077,7.062
1966,8,7.067,7.069,7.076,7.062
1966,9,7.165,7.069,7.076,7.062
1966,10,7.065,7.069,7.076,7.062
1966,11,6.991,7.069,7.076,7.062
1966,12,7.086,7.069,7.076,7.062
1967,1,6.954,7.069,7.076,7.061
1967,2,7.151,7.068,7.076,7.061
1967,3,7.343,7.068,7.075,7.061
1967,4,7.124,7.068,7.075,7.061
1967,5,7.137,7.068,7.075,7.061
1967,6,7.117,7.068,7.075,7.061
1967,7,7.076,7.068,7.075,7.061
1967,8,7.088,7.068,7.075,7.06
1967,9,7.077,7.067,7.075,7.06
1967,10,7.313,7.067,7.074,7.06
1967,11,7.112,7.067,7.074,7.06
1967,12,7.118,7.067,7.074,7.06
1968,1,7.045,7.067,7.074,7.06
1968,2,7.049,7.067,7.074,7.06
1968,3,7.192,7.067,7.074,7.059
1968,4,7.098,7.066,7.074,7.059
1968,5,7.064,7.066,7.073,7.059
1968,6,7.066,7.066,7.073,7.059
1968,7,6.946,7.066,7.073,7.059
1968,8,6.961,7.066,7.073,7.059
1968,9,6.987,7.066,7.073,7.058
1968,10,7.094,7.065,7.073,7.058
1968,11,6.902,7.065,7.073,7.058
1968,12,6.939,7.065,7.072,7.058
1969,1,6.939,7.065,7.072,7.058
1969,2,6.862,7.065,7.072,7.058
1969,3,6.95,7.065,7.072,7.058
1969,4,7.025,7.065,7.072,7.057
1969,5,7.034,7.064,7.072,7.057
1969,6,7.02,7.064,7.072,7.057
1969,7,7.048,7.064,7.071,7.057
1969,8,6.997,7.064,7.071,7.057
1969,9,7.047,7.064,7.071,7.057
1969,10,7.109,7.064,7.071,7.057
1969,11,7.204,7.064,7.071,7.056
1969,12,6.869,7.063,7.071,7.056
1970,1,6.922,7.063,7.071,7.056
1970,2,7.03,7.063,7.07,7.056
1970,3,7.039,7.063,7.07,7.056
1970,4,7.069,7.063,7.07,7.056
1970,5,7.046,7.063,7.07,7.055
1970,6,7.003,7.063,7.07,7.055
1970,7,7.133,7.062,7.07,7.055
1970,8,7.016,7.062,7.07,7.055
1970,9,7.065,7.062,7.069,7.055
1970,10,7.109,7.062,7.069,7.055
1970,11,7.067,7.062,7.069,7.055
1970,12,6.988,7.062,7.069,7.054
1971,1,7.066,7.062,7.069,7.054
1971,2,7.051,7.061,7.069,7.054
1971,3,6.946,7.061,7.069,7.054
1971,4,7.017,7.061,7.068,7.054
1971,5,7.021,7.061,7.068,7.054
1971,6,7.013,7.061,7.068,7.054
1971,7,7.01,7.061,7.068,7.053
1971,8,7.053,7.061,7.068,7.053
1971,9,6.972,7.06,7.068,7.053
1971,10,7.104,7.06,7.068,7.053
1971,11,7.101,7.06,7.067,7.053
1971,12,7.076,7.06,7.067,7.053
1972,1,6.849,7.06,7.067,7.052
1972,2,6.919,7.06,7.067,7.052
1972,3,6.987,7.059,7.067,7.052
1972,4,7.087,7.059,7.067,7.052
1972,5,7.054,7.059,7.067,7.052
1972,6,7.089,7.059,7.066,7.052
1972,7,6.987,7.059,7.066,7.052
1972,8,6.965,7.059,7.066,7.051
1972,9,6.95,7.059,7.066,7.051
1972,10,6.962,7.058,7.066,7.051
1972,11,7.161,7.058,7.066,7.051
1972,12,7.131,7.058,7.066,7.051
1973,1,7.015,7.058,7.065,7.051
1973,2,7.186,7.058,7.065,7.05
1973,3,7.099,7.058,7.065,7.05
1973,4,7.095,7.058,7.065,7.05
1973,5,7.095,7.057,7.065,7.05
1973,6,7.047,7.057,7.065,7.05
1973,7,7.053,7.057,7.065,7.05
1973,8,7.005,7.057,7.064,7.05
1973,9,6.988,7.057,7.064,7.049
1973,10,6.964,7.057,7.064,7.049
1973,11,7.153,7.057,7.064,7.049
1973,12,7.063,7.056,7.064,7.049
1974,1,7.111,7.056,7.064,7.049
1974,2,7.078,7.056,7.064,7.049
1974,3,6.891,7.056,7.063,7.049
1974,4,6.847,7.056,7.063,7.048
1974,5,6.963,7.056,7.063,7.048
1974,6,7.059,7.056,7.063,7.048
1974,7,7.139,7.055,7.063,7.048
1974,8,7.043,7.055,7.063,7.048
1974,9,7.181,7.055,7.063,7.048
1974,10,6.916,7.055,7.062,7.047
1974,11,7.019,7.055,7.062,7.047
1974,12,7.246,7.055,7.062,7.047
1975,1,7.316,7.054,7.062,7.047
1975,2,7.055,7.054,7.062,7.047
1975,3,7.049,7.054,7.062,7.047
1975,4,6.982,7.054,7.062,7.047
1975,5,7.003,7.054,7.061,7.046
1975,6,6.985,7.054,7.061,7.046
1975,7,7.011,7.054,7.061,7.046
1975,8,6.997,7.053,7.061,7.046
1975,9,7.125,7.053,7.061,7.046
1975,10,6.992,7.053,7.061,7.046
1975,11,6.992,7.053,7.061,7.045
1975,12,7.15,7.053,7.06,7.045
1976,1,7.119,7.053,7.06,7.045
1976,2,7.018,7.053,7.06,7.045
1976,3,6.998,7.052,7.06,7.045
1976,4,7.008,7.052,7.06,7.045
1976,5,7.011,7.052,7.06,7.045
1976,6,7.007,7.052,7.06,7.044
1976,7,6.978,7.052,7.059,7.044
1976,8,6.892,7.052,7.059,7.044
1976,9,6.888,7.052,7.059,7.044
1976,10,6.942,7.051,7.059,7.044
1976,11,7.015,7.051,7.059,7.044
1976,12,6.921,7.051,7.059,7.043
1977,1,6.953,7.051,7.059,7.043
1977,2,6.989,7.051,7.058,7.043
1977,3,7.052,7.051,7.058,7.043
1977,4,7.107,7.051,7.058,7.043
1977,5,6.987,7.05,7.058,7.043
1977,6,7.026,7.05,7.058,7.043
1977,7,7.01,7.05,7.058,7.042
1977,8,6.929,7.05,7.058,7.042
1977,9,7.031,7.05,7.058,7.042
1977,10,7.071,7.05,7.057,7.042
1977,11,7.204,7.05,7.057,7.042
1977,12,6.985,7.049,7.057,7.042
1978,1,7.048,7.049,7.057,7.041
1978,2,6.882,7.049,7.057,7.041
1978,3,7.102,7.049,7.057,7.041
1978,4,6.931,7.049,7.057,7.041
1978,5,6.919,7.049,7.056,7.041
1978,6,7.027,7.048,7.056,7.041
1978,7,6.997,7.048,7.056,7.041
1978,8,6.99,7.048,7.056,7.04
1978,9,7.067,7.048,7.056,7.04
1978,10,7.05,7.048,7.056,7.04
1978,11,7.136,7.048,7.056,7.04
1978,12,6.854,7.048,7.055,7.04
1979,1,6.891,7.047,7.055,7.04
1979,2,6.95,7.047,7.055,7.039
1979,3,7.08,7.047,7.055,7.039
1979,4,6.992,7.047,7.055,7.039
1979,5,7.019,7.047,7.055,7.039
1979,6,6.978,7.047,7.055,7.039
1979,7,7.012,7.047,7.054,7.039
1979,8,6.99,7.046,7.054,7.039
1979,9,7.061,7.046,7.054,7.038
1979,10,6.843,7.046,7.054,7.038
1979,11,7.035,7.046,7.054,7.038
1979,12,6.985,7.046,7.054,7.038
1980,1,6.933,7.046,7.054,7.038
1980,2,6.933,7.046,7.053,7.038
1980,3,6.892,7.045,7.053,7.037
1980,4,6.985,7.045,7.053,7.037
1980,5,6.997,7.045,7.053,7.037
1980,6,7.037,7.045,7.053,7.037
1980,7,6.985,7.045,7.053,7.037
1980,8,7.018,7.045,7.053,7.037
1980,9,7.068,7.045,7.053,7.037
1980,10,7.094,7.044,7.052,7.036
1980,11,7.006,7.044,7.052,7.036
1980,12,7.138,7.044,7.052,7.036
1981,1,7.078,7.044,7.052,7.036
1981,2,7.057,7.044,7.052,7.036
1981,3,7.121,7.044,7.052,7.036
1981,4,6.94,7.043,7.052,7.035
1981,5,7.026,7.043,7.051,7.035
1981,6,7.058,7.043,7.051,7.035
1981,7,7.068,7.043,7.051,7.035
1981,8,7.004,7.043,7.051,7.035
1981,9,7.045,7.043,7.051,7.035
1981,10,7.163,7.043,7.051,7.035
1981,11,7.169,7.042,7.051,7.034
1981,12,6.999,7.042,7.05,7.034
1982,1,6.997,7.042,7.05,7.034
1982,2,7.048,7.042,7.05,7.034
1982,3,7.109,7.042,7.05,7.034
1982,4,7.05,7.042,7.05,7.034
1982,5,7.091,7.042,7.05,7.033
1982,6,7.011,7.041,7.05,7.033
1982,7,6.989,7.041,7.049,7.033
1982,8,7.091,7.041,7.049,7.033
1982,9,7.123,7.041,7.049,7.033
1982,10,6.967,7.041,7.049,7.033
1982,11,7.202,7.041,7.049,7.032
1982,12,7.165,7.041,7.049,7.032
1983,1,7.339,7.04,7.049,7.032
1983,2,6.92,7.04,7.049,7.032
1983,3,7.124,7.04,7.048,7.032
1983,4,7.057,7.04,7.048,7.032
1983,5,7.068,7.04,7.048,7.032
1983,6,6.978,7.04,7.048,7.031
1983,7,6.965,7.04,7.048,7.031
1983,8,6.917,7.039,7.048,7.031
1983,9,7.068,7.039,7.048,7.031
1983,10,7.201,7.039,7.047,7.031
1983,11,7.009,7.039,7.047,7.031
1983,12,7.006,7.039,7.047,7.03
1984,1,7.042,7.039,7.047,7.03
1984,2,6.911,7.039,7.047,7.03
1984,3,6.913,7.038,7.047,7.03
1984,4,6.951,7.038,7.047,7.03
1984,5,6.962,7.038,7.046,7.03
1984,6,6.967,7.038,7.046,7.03
1984,7,6.971,7.038,7.046,7.029
1984,8,6.939,7.038,7.046,7.029
1984,9,6.969,7.037,7.046,7.029
1984,10,7.159,7.037,7.046,7.029
1984,11,7.003,7.037,7.046,7.029
1984,12,6.973,7.037,7.046,7.029
1985,1,6.854,7.037,7.045,7.028
1985,2,6.906,7.037,7.045,7.028
1985,3,6.932,7.037,7.045,7.028
1985,4,6.992,7.036,7.045,7.028
1985,5,6.932,7.036,7.045,7.028
1985,6,6.999,7.036,7.045,7.028
1985,7,7.014,7.036,7.045,7.027
1985,8,7.113,7.036,7.044,7.027
1985,9,7.056,7.036,7.044,7.027
1985,10,7.022,7.036,7.044,7.027
1985,11,6.965,7.035,7.044,7.027
1985,12,7.068,7.035,7.044,7.027
1986,1,7.013,7.035,7.044,7.027
1986,2,6.756,7.035,7.044,7.026
1986,3,7.079,7.035,7.043,7.026
1986,4,6.897,7.035,7.043,7.026
1986,5,7.094,7.035,7.043,7.026
1986,6,6.963,7.034,7.043,7.026
1986,7,7.064,7.034,7.043,7.026
1986,8,7.018,7.034,7.043,7.025
1986,9,7.051,7.034,7.043,7.025
1986,10,7.152,7.034,7.043,7.025
1986,11,7.15,7.034,7.042,7.025
1986,12,7.12,7.034,7.042,7.025
1987,1,6.818,7.033,7.042,7.025
1987,2,7.013,7.033,7.042,7.024
1987,3,6.966,7.033,7.042,7.024
1987,4,6.991,7.033,7.042,7.024
1987,5,7.026,7.033,7.042,7.024
1987,6,7.05,7.033,7.041,7.024
1987,7,7.012,7.032,7.041,7.024
1987,8,7.072,7.032,7.041,7.024
1987,9,7.134,7.032,7.041,7.023
1987,10,7.063,7.032,7.041,7.023
1987,11,7.023,7.032,7.041,7.023
1987,12,7.051,7.032,7.041,7.023
1988,1,7.159,7.032,7.04,7.023
1988,2,7.159,7.031,7.04,7.023
1988,3,7.065,7.031,7.04,7.022
1988,4,6.994,7.031,7.04,7.022
1988,5,7.015,7.031,7.04,7.022
1988,6,7.004,7.031,7.04,7.022
1988,7,7.097,7.031,7.04,7.022
1988,8,7.123,7.031,7.04,7.022
1988,9,7.102,7.03,7.039,7.021
1988,10,7.015,7.03,7.039,7.021
1988,11,7.035,7.03,7.039,7.021
1988,12,7.108,7.03,7.039,7.021
1989,1,7.231,7.03,7.039,7.021
1989,2,7.332,7.03,7.039,7.021
1989,3,7.248,7.03,7.039,7.021
1989,4,7.019,7.029,7.038,7.02
1989,5,7.079,7.029,7.038,7.02
1989,6,7.031,7.029,7.038,7.02
1989,7,6.982,7.029,7.038,7.02
1989,8,7.102,7.029,7.038,7.02
1989,9,7.007,7.029,7.038,7.02
1989,10,7.066,7.029,7.038,7.019
1989,11,7.037,7.028,7.038,7.019
1989,12,7.078,7.028,7.037,7.019
1990,1,7.271,7.028,7.037,7.019
1990,2,7.432,7.028,7.037,7.019
1990,3,7.262,7.028,7.037,7.019
1990,4,6.992,7.028,7.037,7.018
1990,5,6.84,7.028,7.037,7.018
1990,6,6.903,7.027,7.037,7.018
1990,7,6.899,7.027,7.036,7.018
1990,8,6.912,7.027,7.036,7.018
1990,9,6.875,7.027,7.036,7.018
1990,10,6.911,7.027,7.036,7.018
1990,11,6.96,7.027,7.036,7.017
1990,12,7.013,7.026,7.036,7.017
1991,1,6.958,7.026,7.036,7.017
1991,2,6.719,7.026,7.035,7.017
1991,3,6.77,7.026,7.035,7.017
1991,4,6.817,7.026,7.035,7.017
1991,5,6.785,7.026,7.035,7.016
1991,6,6.885,7.026,7.035,7.016
1991,7,6.805,7.025,7.035,7.016
1991,8,6.841,7.025,7.035,7.016
1991,9,6.929,7.025,7.035,7.016
1991,10,6.854,7.025,7.034,7.016
1991,11,6.98,7.025,7.034,7.015
1991,12,6.936,7.025,7.034,7.015
1992,1,6.934,7.025,7.034,7.015
1992,2,7.128,7.024,7.034,7.015
1992,3,7.098,7.024,7.034,7.015
1992,4,7.056,7.024,7.034,7.015
1992,5,7.053,7.024,7.033,7.014
1992,6,6.953,7.024,7.033,7.014
1992,7,7.033,7.024,7.033,7.014
1992,8,7.095,7.024,7.033,7.014
1992,9,6.994,7.023,7.033,7.014
1992,10,6.877,7.023,7.033,7.014
1992,11,7.115,7.023,7.033,7.014
1992,12,7.037,7.023,7.033,7.013
1993,1,7.314,7.023,7.032,7.013
1993,2,7.016,7.023,7.032,7.013
1993,3,7.024,7.023,7.032,7.013
1993,4,6.999,7.022,7.032,7.013
1993,5,6.981,7.022,7.032,7.013
1993,6,7.006,7.022,7.032,7.012
1993,7,7.048,7.022,7.032,7.012
1993,8,7.028,7.022,7.031,7.012
1993,9,6.867,7.022,7.031,7.012
1993,10,6.855,7.021,7.031,7.012
1993,11,6.861,7.021,7.031,7.012
1993,12,7.093,7.021,7.031,7.011
1994,1,7.15,7.021,7.031,7.011
1994,2,6.859,7.021,7.031,7.011
1994,3,7.241,7.021,7.031,7.011
1994,4,7.057,7.021,7.03,7.011
1994,5,7.059,7.02,7.03,7.011
1994,6,7.12,7.02,7.03,7.011
1994,7,6.97,7.02,7.03,7.01
1994,8,6.995,7.02,7.03,7.01
1994,9,7.007,7.02,7.03,7.01
1994,10,6.987,7.02,7.03,7.01
1994,11,7.063,7.02,7.029,7.01
1994,12,7.223,7.019,7.029,7.01
1995,1,7.124,7.019,7.029,7.009
1995,2,7.339,7.019,7.029,7.009
1995,3,7.194,7.019,7.029,7.009
1995,4,7.066,7.019,7.029,7.009
1995,5,7.062,7.019,7.029,7.009
1995,6,6.99,7.019,7.029,7.009
1995,7,6.997,7.018,7.028,7.008
1995,8,6.931,7.018,7.028,7.008
1995,9,6.934,7.018,7.028,7.008
1995,10,7.091,7.018,7.028,7.008
1995,11,6.891,7.018,7.028,7.008
1995,12,6.827,7.018,7.028,7.008
1996,1,6.825,7.018,7.028,7.007
1996,2,6.849,7.017,7.027,7.007
1996,3,6.795,7.017,7.027,7.007
1996,4,6.901,7.017,7.027,7.007
1996,5,6.972,7.017,7.027,7.007
1996,6,6.981,7.017,7.027,7.007
1996,7,6.999,7.017,7.027,7.007
1996,8,6.897,7.017,7.027,7.006
1996,9,6.822,7.016,7.027,7.006
1996,10,7.018,7.016,7.026,7.006
1996,11,7.04,7.016,7.026,7.006
1996,12,6.891,7.016,7.026,7.006
1997,1,6.956,7.016,7.026,7.006
1997,2,7.244,7.016,7.026,7.005
1997,3,7.106,7.015,7.026,7.005
1997,4,7.033,7.015,7.026,7.005
1997,5,7.041,7.015,7.025,7.005
1997,6,6.972,7.015,7.025,7.005
1997,7,6.889,7.015,7.025,7.005
1997,8,6.929,7.015,7.025,7.004
1997,9,7.048,7.015,7.025,7.004
1997,10,7.015,7.014,7.025,7.004
1997,11,6.871,7.014,7.025,7.004
1997,12,6.932,7.014,7.025,7.004
1998,1,7.066,7.014,7.024,7.004
1998,2,7.209,7.014,7.024,7.003
1998,3,7.005,7.014,7.024,7.003
1998,4,6.989,7.014,7.024,7.003
1998,5,6.956,7.013,7.024,7.003
1998,6,7.013,7.013,7.024,7.003
1998,7,7.124,7.013,7.024,7.003
1998,8,7.057,7.013,7.023,7.002
1998,9,6.955,7.013,7.023,7.002
1998,10,7.1,7.013,7.023,7.002
1998,11,6.919,7.013,7.023,7.002
1998,12,7.003,7.012,7.023,7.002
1999,1,7.075,7.012,7.023,7.002
1999,2,7.132,7.012,7.023,7.002
1999,3,7.015,7.012,7.023,7.001
1999,4,7.037,7.012,7.022,7.001
1999,5,7.016,7.012,7.022,7.001
1999,6,7,7.012,7.022,7.001
1999,7,6.983,7.011,7.022,7.001
1999,8,6.95,7.011,7.022,7.001
1999,9,7.014,7.011,7.022,7
1999,10,6.99,7.011,7.022,7
1999,11,7.042,7.011,7.021,7
1999,12,7.094,7.011,7.021,7
2000,1,7.096,7.01,7.021,7
2000,2,7.198,7.01,7.021,7
2000,3,7.067,7.01,7.021,6.999
2000,4,6.998,7.01,7.021,6.999
2000,5,7.067,7.01,7.021,6.999
2000,6,7.019,7.01,7.021,6.999
2000,7,6.998,7.01,7.02,6.999
2000,8,6.996,7.009,7.02,6.999
2000,9,6.91,7.009,7.02,6.998
2000,10,7.067,7.009,7.02,6.998
2000,11,7.027,7.009,7.02,6.998
2000,12,7.102,7.009,7.02,6.998
2001,1,7.002,7.009,7.02,6.998
2001,2,6.927,7.009,7.02,6.998
2001,3,7.013,7.008,7.019,6.998
2001,4,7.017,7.008,7.019,6.997
2001,5,6.993,7.008,7.019,6.997
2001,6,7.021,7.008,7.019,6.997
2001,7,7.02,7.008,7.019,6.997
2001,8,7.039,7.008,7.019,6.997
2001,9,6.975,7.008,7.019,6.997
2001,10,7.185,7.007,7.018,6.996
2001,11,7.06,7.007,7.018,6.996
2001,12,6.92,7.007,7.018,6.996
2002,1,7.171,7.007,7.018,6.996
2002,2,7.337,7.007,7.018,6.996
2002,3,7.166,7.007,7.018,6.996
2002,4,7.092,7.007,7.018,6.995
2002,5,7.069,7.006,7.018,6.995
2002,6,7.057,7.006,7.017,6.995
2002,7,7.031,7.006,7.017,6.995
2002,8,6.963,7.006,7.017,6.995
2002,9,6.933,7.006,7.017,6.995
2002,10,6.886,7.006,7.017,6.994
2002,11,6.847,7.006,7.017,6.994
2002,12,6.761,7.005,7.017,6.994
2003,1,7.112,7.005,7.016,6.994
2003,2,6.948,7.005,7.016,6.994
2003,3,7.009,7.005,7.016,6.994
2003,4,6.976,7.005,7.016,6.993
2003,5,7.089,7.005,7.016,6.993
2003,6,7.079,7.004,7.016,6.993
2003,7,7.012,7.004,7.016,6.993
2003,8,7.012,7.004,7.016,6.993
2003,9,7.005,7.004,7.015,6.993
2003,10,6.99,7.004,7.015,6.993
2003,11,6.977,7.004,7.015,6.992
2003,12,7.016,7.004,7.015,6.992
2004,1,7.033,7.003,7.015,6.992
2004,2,7.075,7.003,7.015,6.992
2004,3,7.018,7.003,7.015,6.992
2004,4,6.998,7.003,7.014,6.992
2004,5,7.05,7.003,7.014,6.991
2004,6,7.063,7.003,7.014,6.991
2004,7,7.029,7.003,7.014,6.991
2004,8,7.028,7.002,7.014,6.991
2004,9,7.123,7.002,7.014,6.991
2004,10,6.987,7.002,7.014,6.991
2004,11,7.008,7.002,7.014,6.99
2004,12,7.124,7.002,7.013,6.99
2005,1,7.199,7.002,7.013,6.99
2005,2,6.854,7.002,7.013,6.99
2005,3,6.94,7.001,7.013,6.99
2005,4,7.005,7.001,7.013,6.99
2005,5,7.051,7.001,7.013,6.989
2005,6,6.985,7.001,7.013,6.989
2005,7,7.015,7.001,7.013,6.989
2005,8,7.073,7.001,7.012,6.989
2005,9,7.043,7.001,7.012,6.989
2005,10,6.996,7,7.012,6.989
2005,11,7.112,7,7.012,6.988
2005,12,6.905,7,7.012,6.988
2006,1,6.884,7,7.012,6.988
2006,2,6.937,7,7.012,6.988
2006,3,6.906,7,7.011,6.988
2006,4,7.083,6.999,7.011,6.988
2006,5,7.032,6.999,7.011,6.987
2006,6,6.967,6.999,7.011,6.987
2006,7,6.944,6.999,7.011,6.987
2006,8,6.976,6.999,7.011,6.987
2006,9,7.025,6.999,7.011,6.987
2006,10,7.091,6.999,7.011,6.987
2006,11,7.223,6.998,7.01,6.987
2006,12,7.21,6.998,7.01,6.986
2007,1,7.297,6.998,7.01,6.986
2007,2,7.039,6.998,7.01,6.986
2007,3,7.115,6.998,7.01,6.986
2007,4,7.011,6.998,7.01,6.986
2007,5,7.128,6.998,7.01,6.986
2007,6,7.028,6.997,7.009,6.985
2007,7,7.124,6.997,7.009,6.985
2007,8,7.027,6.997,7.009,6.985
2007,9,7.055,6.997,7.009,6.985
2007,10,6.989,6.997,7.009,6.985
2007,11,7.001,6.997,7.009,6.985
2007,12,7.072,6.997,7.009,6.984
2008,1,7.146,6.996,7.009,6.984
2008,2,7.216,6.996,7.008,6.984
2008,3,7.168,6.996,7.008,6.984
2008,4,7.048,6.996,7.008,6.984
2008,5,6.96,6.996,7.008,6.984
2008,6,7.041,6.996,7.008,6.983
2008,7,7.014,6.996,7.008,6.983
2008,8,7.037,6.995,7.008,6.983
2008,9,6.894,6.995,7.008,6.983
2008,10,7.181,6.995,7.007,6.983
2008,11,7.026,6.995,7.007,6.983
2008,12,6.928,6.995,7.007,6.982
2009,1,7.034,6.995,7.007,6.982
2009,2,6.978,6.995,7.007,6.982
2009,3,7.012,6.994,7.007,6.982
2009,4,6.972,6.994,7.007,6.982
2009,5,7.024,6.994,7.006,6.982
2009,6,6.927,6.994,7.006,6.981
2009,7,7.079,6.994,7.006,6.981
2009,8,7.047,6.994,7.006,6.981
2009,9,7.05,6.993,7.006,6.981
2009,10,6.927,6.993,7.006,6.981
2009,11,7.09,6.993,7.006,6.981
2009,12,6.923,6.993,7.006,6.981
2010,1,6.779,6.993,7.005,6.98
2010,2,6.875,6.993,7.005,6.98
2010,3,7.004,6.993,7.005,6.98
2010,4,6.975,6.992,7.005,6.98
2010,5,6.987,6.992,7.005,6.98
2010,6,7.001,6.992,7.005,6.98
2010,7,7,6.992,7.005,6.979
2010,8,7.046,6.992,7.005,6.979
2010,9,6.962,6.992,7.004,6.979
2010,10,6.996,6.992,7.004,6.979
2010,11,6.871,6.991,7.004,6.979
2010,12,6.833,6.991,7.004,6.979
2011,1,6.991,6.991,7.004,6.978
2011,2,7.008,6.991,7.004,6.978
2011,3,6.974,6.991,7.004,6.978
2011,4,7.049,6.991,7.003,6.978
2011,5,7.088,6.991,7.003,6.978
2011,6,7.049,6.99,7.003,6.978
2011,7,6.984,6.99,7.003,6.977
2011,8,7.013,6.99,7.003,6.977
2011,9,7.12,6.99,7.003,6.977
2011,10,7.052,6.99,7.003,6.977
2011,11,7.035,6.99,7.003,6.977
2011,12,7.243,6.99,7.002,6.977
2012,1,7.028,6.989,7.002,6.976
2012,2,6.971,6.989,7.002,6.976
2012,3,7.028,6.989,7.002,6.976
2012,4,7.042,6.989,7.002,6.976
2012,5,7.058,6.989,7.002,6.976
2012,6,7.024,6.989,7.002,6.976
2012,7,7.037,6.988,7.001,6.975
2012,8,7.013,6.988,7.001,6.975
2012,9,7.1,6.988,7.001,6.975
2012,10,7.033,6.988,7.001,6.975
2012,11,7.074,6.988,7.001,6.975
2012,12,6.866,6.988,7.001,6.975
2013,1,6.974,6.988,7.001,6.975
2013,2,6.873,6.987,7.001,6.974
2013,3,6.818,6.987,7,6.974
2013,4,7,6.987,7,6.974
2013,5,6.995,6.987,7,6.974
2013,6,6.938,6.987,7,6.974
2013,7,6.928,6.987,7,6.974
2013,8,6.973,6.987,7,6.973
2013,9,6.953,6.986,7,6.973
2013,10,6.99,6.986,7,6.973
2013,11,7.062,6.986,6.999,6.973
2013,12,7.196,6.986,6.999,6.973
2014,1,6.903,6.986,6.999,6.973
2014,2,7.138,6.986,6.999,6.972
2014,3,7.068,6.986,6.999,6.972
2014,4,7.02,6.985,6.999,6.972
2014,5,6.979,6.985,6.999,6.972
2014,6,6.911,6.985,6.998,6.972
2014,7,6.944,6.985,6.998,6.972
2014,8,7.032,6.985,6.998,6.971
2014,9,6.908,6.985,6.998,6.971
2014,10,7.042,6.985,6.998,6.971
2014,11,6.891,6.984,6.998,6.971
2014,12,7.117,6.984,6.998,6.971
2015,1,7.217,6.984,6.998,6.971
2015,2,6.997,6.984,6.997,6.97
2015,3,7.039,6.984,6.997,6.97
2015,4,7.036,6.984,6.997,6.97
2015,5,7.137,6.984,6.997,6.97
2015,6,7.019,6.983,6.997,6.97
2015,7,6.98,6.983,6.997,6.97
2015,8,6.901,6.983,6.997,6.969
2015,9,6.879,6.983,6.997,6.969
2015,10,6.863,6.983,6.996,6.969
2015,11,7.16,6.983,6.996,6.969
2015,12,7.162,6.982,6.996,6.969
2016,1,6.991,6.982,6.996,6.969
2016,2,7.138,6.982,6.996,6.968
2016,3,6.99,6.982,6.996,6.968
2016,4,7.048,6.982,6.996,6.968
2016,5,6.985,6.982,6.995,6.968
2016,6,6.957,6.982,6.995,6.968
2016,7,7.053,6.981,6.995,6.968
2016,8,7.029,6.981,6.995,6.968
2016,9,7.037,6.981,6.995,6.967
2016,10,6.741,6.981,6.995,6.967
2016,11,6.877,6.981,6.995,6.967
2016,12,7.073,6.981,6.995,6.967
2017,1,6.998,6.981,6.994,6.967
2017,2,6.994,6.98,6.994,6.967
2017,3,7.05,6.98,6.994,6.966
2017,4,7.075,6.98,6.994,6.966
2017,5,7.023,6.98,6.994,6.966
2017,6,7.086,6.98,6.994,6.966
2017,7,7.02,6.98,6.994,6.966
2017,8,7.048,6.98,6.994,6.966
2017,9,6.986,6.979,6.993,6.965
2017,10,7.095,6.979,6.993,6.965
2017,11,7.076,6.979,6.993,6.965
2017,12,7.113,6.979,6.993,6.965
2018,1,7.097,6.979,6.993,6.965
2018,2,6.921,6.979,6.993,6.965
2018,3,6.899,6.979,6.993,6.964
2018,4,6.981,6.978,6.992,6.964
2018,5,6.951,6.978,6.992,6.964
2018,6,6.962,6.978,6.992,6.964
2018,7,6.901,6.978,6.992,6.964
2018,8,6.988,6.978,6.992,6.964
2018,9,7.082,6.978,6.992,6.963
2018,10,7.013,6.977,6.992,6.963
2018,11,6.865,6.977,6.992,6.963
2018,12,6.937,6.977,6.991,6.963
